mean_fit_time,std_fit_time,mean_score_time,std_score_time,param_model__class_weight,param_model__l2_regularization,param_model__learning_rate,param_model__max_iter,param_model__max_leaf_nodes,param_model__min_samples_leaf,params,split0_test_score,split1_test_score,split2_test_score,split3_test_score,split4_test_score,mean_test_score,std_test_score,rank_test_score,split0_train_score,split1_train_score,split2_train_score,split3_train_score,split4_train_score,mean_train_score,std_train_score
0.5162997245788574,0.007098050720100711,0.024487400054931642,0.0033959466406834533,balanced,0.9609812947036389,0.01866188148138769,171,28,43,"{'model__class_weight': 'balanced', 'model__l2_regularization': np.float64(0.9609812947036389), 'model__learning_rate': np.float64(0.01866188148138769), 'model__max_iter': 171, 'model__max_leaf_nodes': 28, 'model__min_samples_leaf': 43}",0.6864321166426016,0.6356688077046276,0.6609780939569391,0.662054132069844,0.6554848881294799,0.6601236077006984,0.016224362397064478,9,0.7460088152456592,0.7634833357869091,0.7558814659277528,0.7606520231535956,0.7606784147569585,0.7573408109741752,0.006170545378468018
0.6457210063934327,0.007283879551332451,0.02592778205871582,0.0014365222771716367,,0.000602521573620386,0.012184186502221764,187,60,40,"{'model__class_weight': None, 'model__l2_regularization': np.float64(0.000602521573620386), 'model__learning_rate': np.float64(0.012184186502221764), 'model__max_iter': 187, 'model__max_leaf_nodes': 60, 'model__min_samples_leaf': 40}",0.7019695315961237,0.6260047121905263,0.6536665106095295,0.6673699729905631,0.6594207614748204,0.6616862977723127,0.024485376377635402,5,0.7986121416163218,0.8063301423994518,0.8059452657074165,0.8118209960749687,0.7997965037692557,0.8045010099134828,0.004813002093003124
0.8793748378753662,0.01703477338759525,0.03356690406799316,0.002221254011834868,,0.3470266988650412,0.010725209743171997,357,31,48,"{'model__class_weight': None, 'model__l2_regularization': np.float64(0.3470266988650412), 'model__learning_rate': np.float64(0.010725209743171997), 'model__max_iter': 357, 'model__max_leaf_nodes': 31, 'model__min_samples_leaf': 48}",0.6972097334747124,0.6274650907106853,0.6688695121546007,0.6721611217492578,0.6592634431578476,0.6649937802494208,0.022563240130212422,3,0.7864007620128376,0.8003834868447733,0.7961275084058181,0.7943012063777951,0.7974734416217918,0.7949372810526032,0.004707157473973619
0.9953012466430664,0.008371348216989054,0.036228179931640625,0.00161360647376251,,0.0011526449540315614,0.01855998084649059,376,40,16,"{'model__class_weight': None, 'model__l2_regularization': np.float64(0.0011526449540315614), 'model__learning_rate': np.float64(0.01855998084649059), 'model__max_iter': 376, 'model__max_leaf_nodes': 40, 'model__min_samples_leaf': 16}",0.674336155817115,0.6159485152561094,0.6462169854626885,0.6597890500947798,0.6500599341772942,0.6492701281615973,0.019283302733552044,16,0.9222626384948394,0.9282426684186511,0.9219413750559554,0.9272822932250645,0.9184323124787737,0.9236322575346568,0.0036428839541142815
0.3948070526123047,0.007819327456363746,0.02730278968811035,0.0019720028385001903,,0.042051564509138675,0.04345454109729477,148,34,46,"{'model__class_weight': None, 'model__l2_regularization': np.float64(0.042051564509138675), 'model__learning_rate': np.float64(0.04345454109729477), 'model__max_iter': 148, 'model__max_leaf_nodes': 34, 'model__min_samples_leaf': 46}",0.6886915053276965,0.6172984145773247,0.6595442312304691,0.6654426735027725,0.6569608278867135,0.6575875305049953,0.023050357122703636,12,0.8485426242112614,0.8652958115956552,0.8546661004562512,0.8548375427568126,0.8557397254255219,0.8558163608891005,0.005386172814722789
0.9212472438812256,0.007628580234702652,0.04292755126953125,0.0012781999719705,,0.0028888383623653178,0.03476649150592621,289,54,55,"{'model__class_weight': None, 'model__l2_regularization': np.float64(0.0028888383623653178), 'model__learning_rate': np.float64(0.03476649150592621), 'model__max_iter': 289, 'model__max_leaf_nodes': 54, 'model__min_samples_leaf': 55}",0.6533368226501395,0.5970062679946035,0.635035973863175,0.6535706750581582,0.6522538388792581,0.6382407156890669,0.021770704021779663,21,0.9422826200093577,0.9467035640008212,0.9422528363040454,0.9463344188441036,0.9412100028238825,0.943756688396442,0.0022912366189277384
0.66864013671875,0.007469881885572523,0.041111326217651366,0.004012423727419046,,0.03725393839578886,0.07500118950416987,230,44,55,"{'model__class_weight': None, 'model__l2_regularization': np.float64(0.03725393839578886), 'model__learning_rate': np.float64(0.07500118950416987), 'model__max_iter': 230, 'model__max_leaf_nodes': 44, 'model__min_samples_leaf': 55}",0.6377086424985164,0.5956714377742343,0.6258094615497177,0.6394074114857065,0.6432819069898165,0.6283757720595983,0.0173617500747887,23,0.9737862760072211,0.9776404634540784,0.9765390759021149,0.9785987361262858,0.9707141733032998,0.9754557449586001,0.002866866674952902
1.3430359840393067,0.01616652124258824,0.04275655746459961,0.003734822437625681,balanced,0.0007122305833333872,0.012476394272569451,487,32,18,"{'model__class_weight': 'balanced', 'model__l2_regularization': np.float64(0.0007122305833333872), 'model__learning_rate': np.float64(0.012476394272569451), 'model__max_iter': 487, 'model__max_leaf_nodes': 32, 'model__min_samples_leaf': 18}",0.6924577320970481,0.625720045418363,0.66243334213937,0.6689746277919641,0.6526625437814161,0.6604496582456323,0.021761948708903252,7,0.8344155380087078,0.8583159666608873,0.8504462812290111,0.8493959493086252,0.8499931606607464,0.8485133791735956,0.007765882314395465
1.1160125732421875,0.02309388625318351,0.03700652122497559,0.004484187893932461,,0.008454394570685001,0.010558059144381517,485,27,32,"{'model__class_weight': None, 'model__l2_regularization': np.float64(0.008454394570685001), 'model__learning_rate': np.float64(0.010558059144381517), 'model__max_iter': 485, 'model__max_leaf_nodes': 27, 'model__min_samples_leaf': 32}",0.6928342882154599,0.6261887343840996,0.6640918412259667,0.6653933448262409,0.6579516231690006,0.6612919663641535,0.02127427300947965,6,0.8117704524105721,0.8280506644598327,0.8208063746502415,0.817797750449207,0.8232155395268574,0.8203281562993421,0.005437647590581505
1.2786781787872314,0.04766659436664172,0.0596827507019043,0.005363178554180614,balanced,0.26080600945523663,0.07962309016748462,363,54,39,"{'model__class_weight': 'balanced', 'model__l2_regularization': np.float64(0.26080600945523663), 'model__learning_rate': np.float64(0.07962309016748462), 'model__max_iter': 363, 'model__max_leaf_nodes': 54, 'model__min_samples_leaf': 39}",0.6256431415277617,0.5735216834177584,0.59942846570487,0.6147324631118921,0.6279421982380372,0.6082535904000638,0.020080845336537166,27,0.9980634065026678,0.9980269682037961,0.9967701592807405,0.9976646635540567,0.9966668852796283,0.9974384165641779,0.0006049828883606369
0.624580192565918,0.01651427446039951,0.033652448654174806,0.008049905737160187,,0.009022004468565626,0.018585951462501547,487,9,10,"{'model__class_weight': None, 'model__l2_regularization': np.float64(0.009022004468565626), 'model__learning_rate': np.float64(0.018585951462501547), 'model__max_iter': 487, 'model__max_leaf_nodes': 9, 'model__min_samples_leaf': 10}",0.6958247168074244,0.6275783480121905,0.6659587052279182,0.6833863843022682,0.6636981773060174,0.6672892663311638,0.02308684685196721,1,0.7613934556827514,0.780371628482112,0.7716381009532943,0.7720679978612266,0.7742292530431754,0.771940087204512,0.0061265024580195
0.6384313106536865,0.003777568335539694,0.027445507049560548,0.0016955784407013071,,0.05414413211338523,0.01875220945578641,290,25,30,"{'model__class_weight': None, 'model__l2_regularization': np.float64(0.05414413211338523), 'model__learning_rate': np.float64(0.01875220945578641), 'model__max_iter': 290, 'model__max_leaf_nodes': 25, 'model__min_samples_leaf': 30}",0.6865047028529289,0.6311137921911404,0.6620946396088885,0.6669555437547179,0.6514116408760332,0.6596160638567418,0.01823569168715747,10,0.8096654126415039,0.8259022912826995,0.8208079870414693,0.8176477090104146,0.8203843415815005,0.8188815483115176,0.005323906493713222
0.994767713546753,0.013171109623460495,0.0484196662902832,0.0030307472028284037,,4.9830438374949075,0.20978213384576816,369,38,52,"{'model__class_weight': None, 'model__l2_regularization': np.float64(4.9830438374949075), 'model__learning_rate': np.float64(0.20978213384576816), 'model__max_iter': 369, 'model__max_leaf_nodes': 38, 'model__min_samples_leaf': 52}",0.6063760353382049,0.5686687739639192,0.582866312675671,0.6040088803801865,0.6183349457415357,0.5960509896199035,0.01783328761178402,30,0.999092108286297,0.9990901410817461,0.9989884528645063,0.9991830440998919,0.9990092973538551,0.9990726087372593,6.924467780708475e-05
1.0293692111968995,0.014215591245529482,0.03703398704528808,0.0016828844026451455,balanced,0.0002769889922756284,0.01947558230629543,289,47,25,"{'model__class_weight': 'balanced', 'model__l2_regularization': np.float64(0.0002769889922756284), 'model__learning_rate': np.float64(0.01947558230629543), 'model__max_iter': 289, 'model__max_leaf_nodes': 47, 'model__min_samples_leaf': 25}",0.6841343821066969,0.6124528742194798,0.6631951427638373,0.6536202676008451,0.6560023640296474,0.6538810061441013,0.02333614431192785,13,0.8677029965231298,0.8887824982392045,0.8778611516907379,0.8788454248680597,0.8791123612558224,0.878460886515391,0.006681314789841206
0.8509180068969726,0.008702179681403896,0.04173531532287598,0.0030095160277514663,,0.5452561223245013,0.06268891016222734,379,33,29,"{'model__class_weight': None, 'model__l2_regularization': np.float64(0.5452561223245013), 'model__learning_rate': np.float64(0.06268891016222734), 'model__max_iter': 379, 'model__max_leaf_nodes': 33, 'model__min_samples_leaf': 29}",0.6421175574302974,0.5840331502532649,0.6227621174663616,0.6401442361747887,0.6416411450388169,0.6261396412727058,0.022253464247859976,24,0.9811507537261022,0.9804462682841975,0.9821497865997767,0.9844191756794072,0.9774199758958846,0.9811171920370736,0.0022842950671476295
0.5312833786010742,0.003162852491732593,0.028330039978027344,0.0014156064808442286,,0.10843543809852559,0.025567264128934574,256,22,49,"{'model__class_weight': None, 'model__l2_regularization': np.float64(0.10843543809852559), 'model__learning_rate': np.float64(0.025567264128934574), 'model__max_iter': 256, 'model__max_leaf_nodes': 22, 'model__min_samples_leaf': 49}",0.6933983744218823,0.6255488515439872,0.6697986263451126,0.6744234108544741,0.6641762997559186,0.665469112584275,0.02224529802113015,2,0.7969732231336926,0.8203094361535025,0.8099791646035128,0.8061638215565337,0.8111114413961353,0.8089074173686754,0.007562601489398361
0.8577632427215576,0.017085936394075272,0.031287765502929686,0.0021023061783872646,balanced,0.00011972422479639345,0.042209997499902736,228,51,12,"{'model__class_weight': 'balanced', 'model__l2_regularization': np.float64(0.00011972422479639345), 'model__learning_rate': np.float64(0.042209997499902736), 'model__max_iter': 228, 'model__max_leaf_nodes': 51, 'model__min_samples_leaf': 12}",0.6625306738887801,0.6136775486141595,0.6309822557395991,0.6548931237976408,0.6533677192768357,0.6430902642634031,0.018080789879959872,19,0.9722667826791852,0.9770369114716246,0.9679263278887784,0.9742007348099616,0.9700492394371846,0.9722959992573468,0.003170081302304557
1.3623284816741943,0.03498810845036928,0.06045045852661133,0.0027473508922634384,,0.00011759777738127753,0.019665923318213548,491,42,39,"{'model__class_weight': None, 'model__l2_regularization': np.float64(0.00011759777738127753), 'model__learning_rate': np.float64(0.019665923318213548), 'model__max_iter': 491, 'model__max_leaf_nodes': 42, 'model__min_samples_leaf': 39}",0.6707954265245212,0.6004822281421401,0.6418889922779322,0.6562463332969898,0.6530582292576087,0.6444942418998384,0.02386231558308188,18,0.931415616520784,0.9378409840854545,0.9312078806985689,0.9338786661033261,0.9258325820750952,0.9320351458966458,0.003915260046101178
0.4696028709411621,0.005189744299347473,0.022188949584960937,0.0017078078453114248,balanced,0.10710256549997928,0.2334848553346559,140,35,11,"{'model__class_weight': 'balanced', 'model__l2_regularization': np.float64(0.10710256549997928), 'model__learning_rate': np.float64(0.2334848553346559), 'model__max_iter': 140, 'model__max_leaf_nodes': 35, 'model__min_samples_leaf': 11}",0.6481782904971013,0.5726306049760048,0.5868275546431082,0.6370465859302852,0.6333393820459173,0.6156044836184834,0.0300340112378581,26,0.9994233061771309,0.9994207542492091,0.9982777823767671,0.9978980387372931,0.998931034823686,0.9987901832728173,0.0006126630522815961
0.6871181964874268,0.010212670986796847,0.027455997467041016,0.0024581784633043325,balanced,0.13076473382928538,0.030816017044468066,147,62,27,"{'model__class_weight': 'balanced', 'model__l2_regularization': np.float64(0.13076473382928538), 'model__learning_rate': np.float64(0.030816017044468066), 'model__max_iter': 147, 'model__max_leaf_nodes': 62, 'model__min_samples_leaf': 27}",0.6772490777693316,0.6181832819426677,0.650706331707652,0.659789847204513,0.6482932842339184,0.6508443645716165,0.01923800364406343,14,0.8775860799572349,0.8846431763481697,0.8841175532463635,0.8808781096264989,0.8800755717613726,0.881460098187928,0.0026251741018461635
0.9316213130950928,0.004925438070590394,0.045647811889648435,0.0027775087200961595,,0.0042258746449961694,0.1195960383019184,459,29,31,"{'model__class_weight': None, 'model__l2_regularization': np.float64(0.0042258746449961694), 'model__learning_rate': np.float64(0.1195960383019184), 'model__max_iter': 459, 'model__max_leaf_nodes': 29, 'model__min_samples_leaf': 31}",0.6207886903507414,0.5722148813552057,0.5793168862375417,0.6235248210953798,0.6266266997283492,0.6044943957534435,0.023636302754726807,29,0.9993378905880197,0.9994051768541757,0.9992452959988704,0.9995991451559958,0.9992451611943248,0.9993665339582772,0.00013103562568842663
0.4659813404083252,0.003544372649824133,0.02027902603149414,0.0010538209142175222,balanced,0.022965432344634346,0.015019490572374374,230,8,9,"{'model__class_weight': 'balanced', 'model__l2_regularization': np.float64(0.022965432344634346), 'model__learning_rate': np.float64(0.015019490572374374), 'model__max_iter': 230, 'model__max_leaf_nodes': 8, 'model__min_samples_leaf': 9}",0.6881753324793286,0.6304841906456908,0.6566795806574902,0.6762959947855072,0.6503357901590249,0.6603941777454083,0.020170458914935716,8,0.6922872517880011,0.7103195319398808,0.6972224518166085,0.697007297952589,0.7078041504406752,0.700928136787551,0.006917338194915984
0.6243937492370606,0.007823590674769237,0.029809236526489258,0.002099649316446277,,0.0015132984900630335,0.02389152997793864,382,16,19,"{'model__class_weight': None, 'model__l2_regularization': np.float64(0.0015132984900630335), 'model__learning_rate': np.float64(0.02389152997793864), 'model__max_iter': 382, 'model__max_leaf_nodes': 16, 'model__min_samples_leaf': 19}",0.6929436860615216,0.6266767919253995,0.6599421979616263,0.6800406113583388,0.6572530321324086,0.663371263887859,0.02257463542940395,4,0.8230802274387805,0.836938487966312,0.8288575568226537,0.8268505116832947,0.8310627426420935,0.8293579053106269,0.0046112539422787915
0.8820635795593261,0.028426680190686216,0.04015927314758301,0.002222440473368538,balanced,0.0003584710633004183,0.04456083137211897,278,39,43,"{'model__class_weight': 'balanced', 'model__l2_regularization': np.float64(0.0003584710633004183), 'model__learning_rate': np.float64(0.04456083137211897), 'model__max_iter': 278, 'model__max_leaf_nodes': 39, 'model__min_samples_leaf': 43}",0.6592850965944693,0.6080484557916445,0.6452729367730728,0.6454824767848693,0.651681890969196,0.6419541713826504,0.01770903831109019,20,0.9279698349298218,0.9359713655114985,0.9281676432893043,0.9279175611456975,0.923026747931542,0.9286106305615729,0.004158061235944027
1.0138206958770752,0.01475725801578216,0.04480466842651367,0.0020578562289975395,balanced,0.003730610475453594,0.056392399916675585,321,44,27,"{'model__class_weight': 'balanced', 'model__l2_regularization': np.float64(0.003730610475453594), 'model__learning_rate': np.float64(0.056392399916675585), 'model__max_iter': 321, 'model__max_leaf_nodes': 44, 'model__min_samples_leaf': 27}",0.6535121667269344,0.5937356451674634,0.6285576425452803,0.6386739968427799,0.6479722132081158,0.6324903328981148,0.021152946318429657,22,0.9841912930066524,0.9848491750999492,0.9841522507470837,0.9873174052841912,0.9791358749789654,0.9839291998233684,0.002661604717817238
0.3915689468383789,0.006281523914181275,0.02147784233093262,0.000713371506612172,balanced,0.011269758643814657,0.1306293138834092,135,20,36,"{'model__class_weight': 'balanced', 'model__l2_regularization': np.float64(0.011269758643814657), 'model__learning_rate': np.float64(0.1306293138834092), 'model__max_iter': 135, 'model__max_leaf_nodes': 20, 'model__min_samples_leaf': 36}",0.6752572963191137,0.6133814643578853,0.6443657602213368,0.6496386323652532,0.6551400335689888,0.6475566373665156,0.020036433089110652,17,0.8825172906011045,0.8938705845960868,0.8909941736258105,0.8798071066737134,0.8859508373689493,0.8866279985731328,0.005203836479402992
0.7211106777191162,0.042008821848481336,0.027184438705444337,0.0026263874226231045,balanced,0.0028103296447636083,0.017303875834205888,165,49,49,"{'model__class_weight': 'balanced', 'model__l2_regularization': np.float64(0.0028103296447636083), 'model__learning_rate': np.float64(0.017303875834205888), 'model__max_iter': 165, 'model__max_leaf_nodes': 49, 'model__min_samples_leaf': 49}",0.6926218254280221,0.6290470963286825,0.6521290650738576,0.6635580453222317,0.6597298073681552,0.6594171679041898,0.020470718506528308,11,0.7770563285664068,0.7869321080902454,0.7880538124677727,0.7895785580190101,0.7856004978366584,0.7854442609960188,0.00439312372072437
0.4234620094299316,0.01571523146564308,0.02945537567138672,0.0030243224702465204,,0.146898980776488,0.1937550186412042,127,51,48,"{'model__class_weight': None, 'model__l2_regularization': np.float64(0.146898980776488), 'model__learning_rate': np.float64(0.1937550186412042), 'model__max_iter': 127, 'model__max_leaf_nodes': 51, 'model__min_samples_leaf': 48}",0.6146471162713074,0.5705048732439711,0.6006730289396779,0.6289358230111947,0.624395414749879,0.607831251243206,0.021027263822741032,28,0.9963628893090329,0.9965110129603212,0.995614508354664,0.9967375410413576,0.996218497489988,0.9962888898310727,0.0003783775821007744
1.055321741104126,0.015936522024584007,0.045189428329467776,0.0038091601818498067,,2.902652141826388,0.06261435181296006,447,32,43,"{'model__class_weight': None, 'model__l2_regularization': np.float64(2.902652141826388), 'model__learning_rate': np.float64(0.06261435181296006), 'model__max_iter': 447, 'model__max_leaf_nodes': 32, 'model__min_samples_leaf': 43}",0.6526975670988938,0.5810221869696552,0.6162670021136815,0.6364294828050572,0.6415868346109737,0.6256006147196522,0.025224674363042654,25,0.9669278933185684,0.9714547498643744,0.9704681092112206,0.9703743187662672,0.9657895897307353,0.9690029321782332,0.0022212703947029604
0.8159368515014649,0.008620070594493484,0.030681133270263672,0.003385198562102578,,0.000355025561231308,0.02171140223187999,220,59,17,"{'model__class_weight': None, 'model__l2_regularization': np.float64(0.000355025561231308), 'model__learning_rate': np.float64(0.02171140223187999), 'model__max_iter': 220, 'model__max_leaf_nodes': 59, 'model__min_samples_leaf': 17}",0.6561718167738583,0.6125166649338567,0.6630833587601171,0.6599229923056507,0.6559407995918177,0.6495271264730601,0.01869174596255,15,0.9224400550537777,0.9307976137344319,0.9279826799240253,0.929022824085808,0.9197888530340592,0.9260064051664203,0.004179400248876599
