mean_fit_time,std_fit_time,mean_score_time,std_score_time,param_model__class_weight,param_model__max_depth,param_model__max_features,param_model__min_samples_leaf,param_model__n_estimators,params,split0_test_score,split1_test_score,split2_test_score,split3_test_score,split4_test_score,mean_test_score,std_test_score,rank_test_score,split0_train_score,split1_train_score,split2_train_score,split3_train_score,split4_train_score,mean_train_score,std_train_score
0.7541613578796387,0.04623422382039696,0.05368046760559082,0.0038591172693044663,,16,sqrt,15,306,"{'model__class_weight': None, 'model__max_depth': 16, 'model__max_features': 'sqrt', 'model__min_samples_leaf': 15, 'model__n_estimators': 306}",0.6943833997477515,0.6261905874025485,0.6605292149024713,0.6799402235926671,0.6685843407544617,0.66592555327998,0.022896799521139412,11,0.7391181379532158,0.750916472608036,0.7456659521755179,0.7424668210215156,0.748399047310916,0.7453132862138403,0.0041838790293001055
1.0849395751953126,0.10268800958986844,0.08013534545898438,0.011047753325636801,balanced,24,0.3,19,414,"{'model__class_weight': 'balanced', 'model__max_depth': 24, 'model__max_features': 0.3, 'model__min_samples_leaf': 19, 'model__n_estimators': 414}",0.6925126715448848,0.6315717166942914,0.6617191560045228,0.6813286680024425,0.6658254548090605,0.6665915334110404,0.02068720879678839,7,0.7495373578126957,0.7596420805294641,0.7546091612702157,0.7506430825899907,0.7562984295036195,0.7541460223411971,0.00370309020970556
0.8884923934936524,0.04432969147160886,0.10008983612060547,0.020036660289457713,,10,0.5,36,330,"{'model__class_weight': None, 'model__max_depth': 10, 'model__max_features': 0.5, 'model__min_samples_leaf': 36, 'model__n_estimators': 330}",0.6929112134123213,0.6339319180742683,0.6538194655144318,0.6752896529021499,0.6608319357084731,0.6633568371223288,0.01989480181176653,20,0.709864460631687,0.7225311099778714,0.7168019408399497,0.7124051368999089,0.7218481356976159,0.7166901568094066,0.005013691249612882
2.238081932067871,0.05862123345369968,0.11061367988586426,0.00937961358415586,balanced_subsample,24,log2,24,691,"{'model__class_weight': 'balanced_subsample', 'model__max_depth': 24, 'model__max_features': 'log2', 'model__min_samples_leaf': 24, 'model__n_estimators': 691}",0.6965622934223337,0.6321056825888032,0.6651924570392453,0.6784579095154217,0.664687852186179,0.6674012389503966,0.021121716530795753,2,0.712598293936959,0.7270140392570229,0.718624510018159,0.7174013216089773,0.7230209522270267,0.7197318234096289,0.004927345337049001
1.3778420448303224,0.028389967867642977,0.06727023124694824,0.002885179665620498,balanced_subsample,6,0.5,21,360,"{'model__class_weight': 'balanced_subsample', 'model__max_depth': 6, 'model__max_features': 0.5, 'model__min_samples_leaf': 21, 'model__n_estimators': 360}",0.6908536605845522,0.6307327872718956,0.6552325609260411,0.6740454655272933,0.6576851842441556,0.6617099317107875,0.0200960728961998,25,0.7038592637919254,0.7216656713439422,0.714983029382877,0.7073072246548308,0.7172997501077776,0.7130229878562705,0.006534098617443735
3.530422496795654,0.1738441504279451,0.14159255027770995,0.04984871042017827,balanced_subsample,24,0.5,25,760,"{'model__class_weight': 'balanced_subsample', 'model__max_depth': 24, 'model__max_features': 0.5, 'model__min_samples_leaf': 25, 'model__n_estimators': 760}",0.6941055302577628,0.632084854641122,0.6565859645777198,0.6769117177558042,0.6600319078184681,0.6639439950101753,0.020795816429245894,18,0.733318063277451,0.7446537026584596,0.7396328293472433,0.7364281480642627,0.7437530962235076,0.7395571679141849,0.004296589282636862
1.0953945159912108,0.10217178748114997,0.08449950218200683,0.014810372179591625,,10,0.3,28,389,"{'model__class_weight': None, 'model__max_depth': 10, 'model__max_features': 0.3, 'model__min_samples_leaf': 28, 'model__n_estimators': 389}",0.6917089164657937,0.6313634361538621,0.6569618628377032,0.6778554767142132,0.6618344023081301,0.6639448188959405,0.02039173141092526,16,0.7171267167306682,0.727812009875372,0.7231872282250895,0.7180912447604387,0.7262343297338477,0.7224903058650832,0.004264827688994936
3.718617057800293,0.17807394148041922,0.10464267730712891,0.005985924593909704,balanced_subsample,10,0.5,3,684,"{'model__class_weight': 'balanced_subsample', 'model__max_depth': 10, 'model__max_features': 0.5, 'model__min_samples_leaf': 3, 'model__n_estimators': 684}",0.6818722761049772,0.6292505902370381,0.6509281442182108,0.6734924898237041,0.6686040045752603,0.6608295009918381,0.018755570090002782,28,0.884194640075214,0.8955554273172137,0.8950226673044497,0.8814980541289912,0.8806331176396872,0.8873807812931112,0.006565244838652465
1.3365474224090577,0.1024741922568479,0.08550338745117188,0.015133632535128618,,24,sqrt,39,473,"{'model__class_weight': None, 'model__max_depth': 24, 'model__max_features': 'sqrt', 'model__min_samples_leaf': 39, 'model__n_estimators': 473}",0.692949595437055,0.6322230949236817,0.6586788672002889,0.6756898624009551,0.6610206009069112,0.6641124041737784,0.020107867887413682,14,0.6933591895317367,0.708264231854877,0.6987694966838618,0.6971744726792113,0.7035028449872165,0.7002140471473807,0.005175644442503136
1.3600875854492187,0.057037705617336926,0.08908824920654297,0.0066424149196328665,balanced,16,log2,9,545,"{'model__class_weight': 'balanced', 'model__max_depth': 16, 'model__max_features': 'log2', 'model__min_samples_leaf': 9, 'model__n_estimators': 545}",0.6928700693376584,0.6259912834811544,0.6637757288471614,0.6831129682916179,0.6691283548137908,0.6669756809542766,0.0229151736926669,4,0.7893143747416231,0.7958038957347224,0.7918682620489073,0.7891361396615654,0.793154781857912,0.7918554908089461,0.0024952099439828966
2.0698431968688964,0.2659288096178389,0.10103716850280761,0.006449787863601779,balanced,6,0.5,28,566,"{'model__class_weight': 'balanced', 'model__max_depth': 6, 'model__max_features': 0.5, 'model__min_samples_leaf': 28, 'model__n_estimators': 566}",0.6927200072570138,0.631184368506699,0.6572158734410954,0.6753479312090606,0.6556343964288492,0.6624205153685436,0.020659205539635215,22,0.7018602612182139,0.7169046898043834,0.7118291655940906,0.7038547883655623,0.7126097118119753,0.7094117233588451,0.005658971819014889
0.6440550804138183,0.048547091700317485,0.05203189849853516,0.01221173730731543,,16,sqrt,8,234,"{'model__class_weight': None, 'model__max_depth': 16, 'model__max_features': 'sqrt', 'model__min_samples_leaf': 8, 'model__n_estimators': 234}",0.6919472965613194,0.6264571600424181,0.6684825698296971,0.6795803373109529,0.6676710963667472,0.666827692022227,0.022031133869318827,5,0.7941631239227553,0.8025592831988861,0.7974274459825531,0.7953672175693635,0.800640573671991,0.7980315288691099,0.003153908740563568
1.0502278327941894,0.10522245021936324,0.054853391647338864,0.009046051331899263,balanced_subsample,,0.5,4,201,"{'model__class_weight': 'balanced_subsample', 'model__max_depth': None, 'model__max_features': 0.5, 'model__min_samples_leaf': 4, 'model__n_estimators': 201}",0.673792793393573,0.6213652148659987,0.6393743870567251,0.672120764814282,0.6735472532159473,0.6560400826693052,0.021727125738507026,29,0.9411908690271976,0.9393312786334658,0.9427744756572068,0.9438653909660019,0.9382368972376136,0.9410797823042971,0.0020872566696910305
2.5635021686553956,0.1323382904451452,0.11007227897644042,0.02609310575221072,balanced_subsample,6,0.5,29,601,"{'model__class_weight': 'balanced_subsample', 'model__max_depth': 6, 'model__max_features': 0.5, 'model__min_samples_leaf': 29, 'model__n_estimators': 601}",0.6933508419979459,0.630700156869272,0.6526951905793809,0.6737038568240208,0.6573185341728804,0.6615537160887,0.02100969058573986,26,0.6990608641753618,0.7157561837693013,0.7094876363906436,0.7013186696540558,0.7121755388012263,0.7075597785581177,0.006377866772957655
1.6538012027740479,0.09879587172598688,0.08293542861938477,0.01658993203580801,balanced_subsample,16,log2,10,469,"{'model__class_weight': 'balanced_subsample', 'model__max_depth': 16, 'model__max_features': 'log2', 'model__min_samples_leaf': 10, 'model__n_estimators': 469}",0.6948276042305407,0.627471717267013,0.662409596387092,0.6791810536157662,0.6673274710317693,0.6662434885064362,0.02237657817731438,10,0.7722269223529475,0.7832981449736427,0.7784514164251617,0.7760365705723313,0.7803539994478045,0.7780734107543775,0.0037675446989503814
1.1775656700134278,0.08238673271455127,0.08652195930480958,0.012857370664490955,,16,sqrt,21,537,"{'model__class_weight': None, 'model__max_depth': 16, 'model__max_features': 'sqrt', 'model__min_samples_leaf': 21, 'model__n_estimators': 537}",0.6928221768384586,0.6293390550940264,0.6613238757275193,0.6771237566402594,0.6643129558762899,0.6649843640353107,0.021008315913310448,13,0.7191807507321807,0.7316642199231175,0.7239947650043138,0.7221303781639544,0.7295983109237787,0.7253136849494689,0.0046513049398481466
1.5086312294006348,0.08195668585608194,0.07422542572021484,0.007320994158417491,,24,0.5,26,416,"{'model__class_weight': None, 'model__max_depth': 24, 'model__max_features': 0.5, 'model__min_samples_leaf': 26, 'model__n_estimators': 416}",0.6935102818542692,0.6315161328678025,0.654085869554307,0.6717000364471086,0.6593468901649617,0.6620318421776897,0.02042509293898569,24,0.7310722172358028,0.7410219672333785,0.7356689206317686,0.7313295965610032,0.7401740301960884,0.7358533463716083,0.0042128487117285346
0.7507055759429931,0.08685007187859728,0.06473317146301269,0.007664232736061315,balanced,,sqrt,15,264,"{'model__class_weight': 'balanced', 'model__max_depth': None, 'model__max_features': 'sqrt', 'model__min_samples_leaf': 15, 'model__n_estimators': 264}",0.6974844312835627,0.6320355272914333,0.6634280551222662,0.678429571949329,0.6627167197006525,0.6668188610694488,0.021509956955730027,6,0.7445341987453077,0.7542560425715086,0.7503105043755814,0.7469058118574577,0.74984620068703,0.7491705516473771,0.003293722099246368
3.491385316848755,0.08538351420527285,0.10642776489257813,0.013339329278082231,balanced,,0.5,1,671,"{'model__class_weight': 'balanced', 'model__max_depth': None, 'model__max_features': 0.5, 'model__min_samples_leaf': 1, 'model__n_estimators': 671}",0.6368710980035572,0.5922445894652718,0.6057261638813036,0.6559774844470416,0.6679889774123947,0.6317616626419138,0.028859580589654567,30,0.9999672633068446,0.9999945248336388,0.9999662815286618,0.999957962882527,0.9999745301265747,0.9999721125356494,1.2376463089445976e-05
2.1260605812072755,0.12415068234283026,0.08968582153320312,0.004247571596108386,,10,0.3,17,591,"{'model__class_weight': None, 'model__max_depth': 10, 'model__max_features': 0.3, 'model__min_samples_leaf': 17, 'model__n_estimators': 591}",0.694770947682935,0.6286744018523434,0.6585635484232844,0.6791921550723115,0.6638983114145796,0.6650198728890907,0.022135561092060316,12,0.7508061090091362,0.7601881125356278,0.7563529899245345,0.7504020008766662,0.7579427103964607,0.755138384548485,0.00389977445657559
1.8995710372924806,0.12281968658045805,0.12022151947021484,0.010535833496240536,,10,sqrt,5,689,"{'model__class_weight': None, 'model__max_depth': 10, 'model__max_features': 'sqrt', 'model__min_samples_leaf': 5, 'model__n_estimators': 689}",0.6921927393386571,0.6265617171384452,0.6639295567537077,0.6793734605369368,0.6695202873656512,0.6663155522266796,0.02207472984295806,9,0.8098703218813403,0.8181212488025318,0.8138804727355953,0.810326105923106,0.8112349461532818,0.8126866190991711,0.003051930318117314
0.8658345222473145,0.058191522814390925,0.06726112365722656,0.01497610863502235,,6,sqrt,28,334,"{'model__class_weight': None, 'model__max_depth': 6, 'model__max_features': 'sqrt', 'model__min_samples_leaf': 28, 'model__n_estimators': 334}",0.6937882692774167,0.6264762671824217,0.6536205588300612,0.6726265881614614,0.6603119213605582,0.6613647209623837,0.02216484053376783,27,0.6899194748887624,0.7056669397441993,0.6959123748017728,0.6910725993240762,0.7005264361289187,0.6966195649775458,0.005886914055173615
0.6619990825653076,0.10918763548419134,0.06985964775085449,0.013221816454904103,balanced,16,log2,33,247,"{'model__class_weight': 'balanced', 'model__max_depth': 16, 'model__max_features': 'log2', 'model__min_samples_leaf': 33, 'model__n_estimators': 247}",0.6928507400219817,0.6308079417831567,0.6609906037593458,0.6725253569843507,0.6619762383558435,0.6638301761809358,0.02009859456019212,19,0.6998059079299451,0.7152164266026337,0.7075876200704141,0.7042031167053733,0.7097597079069862,0.7073145558430705,0.005187557058570872
2.111091947555542,0.0760204024434774,0.12256097793579102,0.020123829441904887,,24,0.3,22,746,"{'model__class_weight': None, 'model__max_depth': 24, 'model__max_features': 0.3, 'model__min_samples_leaf': 22, 'model__n_estimators': 746}",0.691538900030194,0.6297298085733342,0.6576184750993201,0.6773194897597334,0.663516996175109,0.6639447339275382,0.020742168275337147,17,0.7334078053363853,0.7427746464543995,0.7391352746943153,0.7344822219139606,0.7413530337029495,0.7382305964204021,0.0037020554656789434
0.5832047462463379,0.0946267049870984,0.04794158935546875,0.010037317438100121,balanced,10,sqrt,14,204,"{'model__class_weight': 'balanced', 'model__max_depth': 10, 'model__max_features': 'sqrt', 'model__min_samples_leaf': 14, 'model__n_estimators': 204}",0.6981827120473513,0.6318093070514136,0.6671668430350051,0.6814606482404927,0.6620426326494953,0.6681324286047516,0.022081884445340542,1,0.7418167565394574,0.7519361217173505,0.7484057616997003,0.7441149983253605,0.7484552851545203,0.7469457846872778,0.003567460423860992
0.7910312175750732,0.04809778990263735,0.05141901969909668,0.005073442823275934,balanced_subsample,10,sqrt,15,214,"{'model__class_weight': 'balanced_subsample', 'model__max_depth': 10, 'model__max_features': 'sqrt', 'model__min_samples_leaf': 15, 'model__n_estimators': 214}",0.6979767624015912,0.6305175707891892,0.6627665032228768,0.6786458134531357,0.6667496382190032,0.6673312576171592,0.02210696242784321,3,0.7339953462550757,0.7487042457162172,0.7418647122982476,0.7377006959921604,0.7441207415228507,0.7412771483569103,0.005087409596853285
3.3331032276153563,0.028512786614438432,0.1129065990447998,0.011989630975939318,balanced_subsample,6,0.5,13,774,"{'model__class_weight': 'balanced_subsample', 'model__max_depth': 6, 'model__max_features': 0.5, 'model__min_samples_leaf': 13, 'model__n_estimators': 774}",0.6945142310272223,0.6279167581845653,0.6566489533617648,0.6736680122314717,0.6579846898055203,0.6621465289221089,0.021907232430556565,23,0.7121247025915576,0.727084957191318,0.7213518645473083,0.7133724785948863,0.7226949537202936,0.7193257913290727,0.00570891398251008
2.8066123962402343,0.24542938230826633,0.110626220703125,0.01792070369347662,,,0.5,32,684,"{'model__class_weight': None, 'model__max_depth': None, 'model__max_features': 0.5, 'model__min_samples_leaf': 32, 'model__n_estimators': 684}",0.6934652354461857,0.6325791486423464,0.6543417898320583,0.6752255207398599,0.6600534533386406,0.6631330295998182,0.020428315552900596,21,0.7174226081459089,0.7286363511098968,0.7231979452699615,0.7184041925056727,0.7275932604107928,0.7230508714884465,0.0045852259321129294
0.7222432613372802,0.10699749568756185,0.07666053771972656,0.022031901029474093,,24,0.3,29,235,"{'model__class_weight': None, 'model__max_depth': 24, 'model__max_features': 0.3, 'model__min_samples_leaf': 29, 'model__n_estimators': 235}",0.6952812825535724,0.6293857963503879,0.657783226913509,0.6765097864967569,0.6614788586706755,0.6640877901969804,0.021808816457137722,15,0.714392150563282,0.7257588820361248,0.7211462765111135,0.7166956618497308,0.725159030185922,0.7206304002292346,0.00450497210371638
1.5399440288543702,0.10692663052265389,0.10339479446411133,0.020231538446627544,balanced,10,0.3,22,777,"{'model__class_weight': 'balanced', 'model__max_depth': 10, 'model__max_features': 0.3, 'model__min_samples_leaf': 22, 'model__n_estimators': 777}",0.6958985339669869,0.6313615244674534,0.6610614668699865,0.6788463515393345,0.6647361642596398,0.6663808082206801,0.021373050246589614,8,0.7363028521694959,0.7462682585184236,0.7421698990083546,0.7379579570785048,0.7446363239986771,0.7414670581546912,0.003809791858056239
